<?xml version="1.0" encoding="UTF-8"?>
<project-private xmlns="http://www.netbeans.org/ns/project-private/1">
    <editor-bookmarks xmlns="http://www.netbeans.org/ns/editor-bookmarks/2" lastBookmarkId="0"/>
    <open-files xmlns="http://www.netbeans.org/ns/projectui-open-files/2">
        <group>
            <file>file:/C:/Users/luqma/OneDrive/Documents/NetBeansProjects/ProjectCode/src/projectcode/Game.java</file>
            <file>file:/C:/Users/luqma/OneDrive/Documents/NetBeansProjects/ProjectCode/src/projectcode/GroupOfCards.java</file>
            <file>file:/C:/Users/luqma/OneDrive/Documents/NetBeansProjects/ProjectCode/src/projectcode/Player.java</file>
            <file>file:/C:/Users/luqma/OneDrive/Documents/NetBeansProjects/ProjectCode/src/projectcode/ProjectCode.java</file>
            <file>file:/C:/Users/luqma/OneDrive/Documents/NetBeansProjects/ProjectCode/src/projectcode/Card.java</file>
        </group>
    </open-files>
</project-private>
